latitude,longitude,address,floorSize,url,price
40.010834,-105.27891,1065 University Avenue  Unit 123,992,https://www.zillow.com/homedetails/1065-University-Ave-APT-123-Boulder-CO-80302/13240292_zpid/,849900
40.012093,-105.29264,350 Arapahoe Avenue  Unit 20,851,https://www.zillow.com/homedetails/350-Arapahoe-Ave-APT-20-Boulder-CO-80302/13215841_zpid/,239000
40.07746,-105.36398,266 Glendale Gulch Rd,1277,https://www.zillow.com/homedetails/266-Glendale-Gulch-Rd-Jamestown-CO-80455/13191863_zpid/,550000
40.02671,-105.37806,926 Mountain Meadows Rd,1871,https://www.zillow.com/homedetails/926-Mountain-Meadows-Rd-Boulder-CO-80302/13192800_zpid/,795000
40.01534,-105.36872,387 Millionaire Dr E,1590,https://www.zillow.com/homedetails/387-Millionaire-Dr-E-Boulder-CO-80302/13194126_zpid/,725000
40.02953,-105.25208,3003 Valmont Rd UNIT 37,500,https://www.zillow.com/homedetails/3003-Valmont-Rd-LOT-37-Boulder-CO-80301/13262956_zpid/,79900
40.010468,-105.26288,2510 Taft Dr UNIT 313,1164,https://www.zillow.com/homedetails/2510-Taft-Dr-APT-313-Boulder-CO-80302/61632986_zpid/,244430
40.02039,-105.17138,2300 N 75th St,17602,https://www.zillow.com/homedetails/2300-75th-St-Boulder-CO-80301/13253284_zpid/,11700000
39.95928,-105.23298,1506 S Foothills Highway,2711,https://www.zillow.com/homedetails/1506-S-Foothills-Hwy-Boulder-CO-80305/13198850_zpid/,1100000
40.057926,-105.20314,6495 Barnacle Court,1536,https://www.zillow.com/homedetails/6495-Barnacle-Ct-Boulder-CO-80301/13200174_zpid/,299000
40.0238,-105.27744,1505 Sunset Blvd,7246,https://www.zillow.com/homedetails/1505-Sunset-Blvd-Boulder-CO-80304/13180906_zpid/,15000000
40.0599,-105.16876,4663 Greylock St,3244,https://www.zillow.com/homedetails/4663-Greylock-St-Boulder-CO-80301/13200263_zpid/,785000
40.05672,-105.2114,6107 Old Brompton Rd,3702,https://www.zillow.com/homedetails/6107-Old-Brompton-Rd-Boulder-CO-80301/13224309_zpid/,1480000
40.010326,-105.13601,1380 Cavan Street,2112,https://www.zillow.com/homedetails/1380-Cavan-St-Boulder-CO-80303/13200488_zpid/,600000
40.07306,-105.1837,7295 Lookout Rd,1836,https://www.zillow.com/homedetails/7295-Lookout-Rd-Longmont-CO-80503/13212096_zpid/,695000
40.00593,-105.23684,1005 Waite Dr,1810,https://www.zillow.com/homedetails/1005-Waite-Dr-Boulder-CO-80303/13188145_zpid/,795000
40.06189,-105.36941,6186 Sunshine Canyon Dr,2385,https://www.zillow.com/homedetails/6186-Sunshine-Canyon-Dr-Boulder-CO-80302/13214167_zpid/,850000
40.01054,-105.13178,1341 N 95th St,2104,https://www.zillow.com/homedetails/1341-N-95th-St-Lafayette-CO-80026/117593611_zpid/,2200000
40.01282,-105.28702,600 Arapahoe Ave UNIT 1,917,https://www.zillow.com/homedetails/600-Arapahoe-Ave-APT-1-Boulder-CO-80302/13216342_zpid/,579900
40.0595,-105.17888,4656 Tanglewood Trl,4237,https://www.zillow.com/homedetails/4656-Tanglewood-Trl-Boulder-CO-80301/13199485_zpid/,859000
40.02706,-105.25593,2910 Bluff St UNIT 111,845,https://www.zillow.com/homedetails/2910-Bluff-St-APT-111-Boulder-CO-80301/72296433_zpid/,190980
40.00266,-105.23093,851 Crescent Dr,1946,https://www.zillow.com/homedetails/851-Crescent-Dr-Boulder-CO-80303/13198955_zpid/,1095000
39.99322,-105.25102,75 S 36th St,2408,https://www.zillow.com/homedetails/75-S-36th-St-Boulder-CO-80305/13188377_zpid/,850000
39.966503,-105.249306,3747 Telluride Circle,1668,https://www.zillow.com/homedetails/3747-Telluride-Cir-Boulder-CO-80305/13219199_zpid/,850000
40.05038,-105.25794,2840 Jay Rd,973,https://www.zillow.com/homedetails/2840-Jay-Rd-Boulder-CO-80301/13195179_zpid/,800000
40.069794,-105.30318,5251 Olde Stage Rd,3405,https://www.zillow.com/homedetails/5251-Olde-Stage-Rd-Boulder-CO-80302/13196312_zpid/,1575000
40.03992,-105.39005,6186 Fourmile Canyon Dr,1826,https://www.zillow.com/homedetails/6186-Fourmile-Canyon-Dr-Boulder-CO-80302/13195715_zpid/,700000
40.007847,-105.215256,1183 Gapter Road,4060,https://www.zillow.com/homedetails/1183-Gapter-Rd-Boulder-CO-80303/82395221_zpid/,4400000
40.08502,-105.33552,279 Green Meadow Ln,2526,https://www.zillow.com/homedetails/279-Green-Meadow-Ln-Boulder-CO-80302/13196689_zpid/,1995000
39.99829,-105.2273,577 Blackhawk Rd,2842,https://www.zillow.com/homedetails/577-Black-Hawk-Rd-Boulder-CO-80303/13189543_zpid/,925000
40.0902,-105.30389,6357 Red Hill Rd,3618,https://www.zillow.com/homedetails/6357-Red-Hill-Rd-Boulder-CO-80302/13196861_zpid/,1050000
40.055447,-105.205414,4466 Driftwood Place,1366,https://www.zillow.com/homedetails/4466-Driftwood-Pl-Boulder-CO-80301/13200136_zpid/,715000
40.00025,-105.27214,700 16th St,2914,https://www.zillow.com/homedetails/700-16th-St-Boulder-CO-80302/13181584_zpid/,1800000
39.992,-105.23271,4990 Ricara Drive,2444,https://www.zillow.com/homedetails/4990-Ricara-Dr-Boulder-CO-80303/13189208_zpid/,968999
39.99331,-105.2749,45 Bellevue Dr,11952,https://www.zillow.com/homedetails/45-Bellevue-Dr-Boulder-CO-80302/13181445_zpid/,10000000
39.9776,-105.25268,1190 Edinboro Dr,2146,https://www.zillow.com/homedetails/1190-Edinboro-Dr-Boulder-CO-80305/13186758_zpid/,1225000
39.9878,-105.27057,348 Hollyberry Lane,2268,https://www.zillow.com/homedetails/348-Hollyberry-Ln-Boulder-CO-80305/13180609_zpid/,1630000
40.06353,-105.18952,7087 Indian Peaks Trl,3928,https://www.zillow.com/homedetails/7087-Indian-Peaks-Trl-Boulder-CO-80301/13199589_zpid/,1945000
40.07754,-105.35616,118 Overlook Lane,2016,https://www.zillow.com/homedetails/118-Overlook-Ln-Boulder-CO-80302/13191886_zpid/,1050000
40.00727,-105.17517,7621 Arlington Drive,1870,https://www.zillow.com/homedetails/7621-Arlington-Dr-Boulder-CO-80303/13212625_zpid/,1295000
39.9899,-105.23801,4490 Osage Dr,2424,https://www.zillow.com/homedetails/4490-Osage-Dr-Boulder-CO-80303/13188935_zpid/,1050000
39.71716,-105.038185,30 N Osceola Street,1463,https://www.zillow.com/homedetails/30-N-Osceola-St-Denver-CO-80219/13340063_zpid/,625000
39.757732,-104.982574,2670 Arapahoe Street,1138,https://www.zillow.com/homedetails/2670-Arapahoe-St-Denver-CO-80205/337664610_zpid/,323000
39.743942,-105.02009,7639 Jackson School Rd,1024,https://www.zillow.com/homedetails/7639-Jackson-School-Rd-Browns-Summit-NC-27214/5977476_zpid/,240000
39.73941,-104.89323,1437 N Uinta Street,1143,https://www.zillow.com/homedetails/1437-N-Uinta-St-Denver-CO-80220/337913144_zpid/,291000
39.770332,-104.737755,3893 Orleans Court,1646,https://www.zillow.com/homedetails/3893-Orleans-Ct-Denver-CO-80249/54891564_zpid/,445000
39.747757,-104.94009,4025 Montview Boulevard,2081,https://www.zillow.com/homedetails/4025-Montview-Blvd-Denver-CO-80207/13286001_zpid/,1099000
39.667923,-104.92193,5601 E Yale Avenue,1430,https://www.zillow.com/homedetails/5601-E-Yale-Ave-Denver-CO-80222/13056247_zpid/,475000
39.786156,-105.02188,4925 Decatur Street,863,https://www.zillow.com/homedetails/4925-Decatur-St-Denver-CO-80221/13292909_zpid/,449900
39.681576,-105.03009,1925 S Irving Street,936,https://www.zillow.com/homedetails/1925-S-Irving-St-Denver-CO-80219/13380024_zpid/,450000
39.65902,-105.04781,3055 S Winona Court,2266,https://www.zillow.com/homedetails/3055-S-Winona-Ct-Denver-CO-80236/13384703_zpid/,535000
39.674435,-104.877464,9400 E Iliff Avenue  Unit 105,2008,https://www.zillow.com/homedetails/9400-E-Iliff-Ave-APT-105-Denver-CO-80231/13055366_zpid/,350000
39.735455,-104.95945,1216 N York Street,2070,https://www.zillow.com/homedetails/1216-York-St-Denver-CO-80206/58295873_zpid/,614900
39.65611,-104.90963,3316 S Newport Street,2968,https://www.zillow.com/homedetails/3316-S-Newport-St-Denver-CO-80224/13416841_zpid/,899900
39.64037,-104.90132,7484 E Princeton Avenue,2148,https://www.zillow.com/homedetails/7484-E-Princeton-Ave-Denver-CO-80237/13424317_zpid/,349900
39.726852,-105.03286,637 Knox Court,1109,https://www.zillow.com/homedetails/637-Knox-Ct-Denver-CO-80204/13340682_zpid/,289000
39.722206,-104.96452,408 N High Street,2232,https://www.zillow.com/homedetails/408-N-High-St-Denver-CO-80218/13345853_zpid/,775000
39.73492,-105.01959,2613 W 12th Avenue,1820,https://www.zillow.com/homedetails/2613-W-12th-Ave-Denver-CO-80204/13336009_zpid/,390000
39.729763,-105.03977,815 Perry Street,945,https://www.zillow.com/homedetails/815-Perry-St-Denver-CO-80204/13337253_zpid/,525000
39.801632,-104.767815,5775 Biscay Street,1401,https://www.zillow.com/homedetails/5775-Biscay-St-Denver-CO-80249/61469268_zpid/,267000
39.76178,-105.017426,2466 W 32nd Avenue,2443,https://www.zillow.com/homedetails/2466-W-32nd-Ave-Denver-CO-80211/13311767_zpid/,849900
39.704517,-104.9678,665 S Gilpin Street,2500,https://www.zillow.com/homedetails/665-S-Gilpin-St-Denver-CO-80209/13353923_zpid/,1349000
39.705994,-104.96847,580 S Franklin Street,6380,https://www.zillow.com/homedetails/580-S-Franklin-St-Denver-CO-80209/13353684_zpid/,6700000
39.81531,-105.02705,3100 W Longfellow Place,1416,https://www.zillow.com/homedetails/3100-W-Longfellow-Pl-Denver-CO-80221/81866118_zpid/,429900
39.68957,-104.8957,1470 S Quebec Way  Unit 27,1670,https://www.zillow.com/homedetails/1470-S-Quebec-Way-APT-27-Denver-CO-80231/13409332_zpid/,277312
39.78351,-104.816734,14750 E 50th Place,2596,https://www.zillow.com/homedetails/14750-E-50th-Pl-Denver-CO-80239/13271908_zpid/,539900
39.771725,-105.052986,3930 Sheridan Boulevard,641,https://www.zillow.com/homedetails/3930-N-Sheridan-Blvd-Denver-CO-80212/13295420_zpid/,400000
39.795692,-105.00987,5463 Shoshone Street,2410,https://www.zillow.com/homedetails/5463-Shoshone-St-Denver-CO-80221/13026665_zpid/,685000
39.732265,-104.95108,3023 E 10th Avenue,973,https://www.zillow.com/homedetails/3023-E-10th-Ave-Denver-CO-80206/2083333547_zpid/,425000
39.705128,-104.96029,624 S York Street,5717,https://www.zillow.com/homedetails/624-S-York-St-Denver-CO-80209/13352690_zpid/,2400000
39.73377,-104.94862,1101 Adams Street,3088,https://www.zillow.com/homedetails/1101-N-Adams-St-Denver-CO-80206/130232828_zpid/,1500000
39.752094,-105.021416,2736 W 24th Avenue,3888,https://www.zillow.com/homedetails/2736-W-24th-Ave-Denver-CO-80211/13315949_zpid/,1700000
39.70496,-104.87682,635 S Clinton Street  Unit 1a,1200,https://www.zillow.com/homedetails/635-S-Clinton-St-APT-1A-Denver-CO-80247/13398684_zpid/,260000
39.739265,-104.93695,1450 Bellaire Street,2014,https://www.zillow.com/homedetails/1450-Bellaire-St-Denver-CO-80220/13392739_zpid/,750000
39.70582,-104.95118,27 Polo Club Circle,7283,https://www.zillow.com/homedetails/27-Polo-Club-Cir-Denver-CO-80209/13350771_zpid/,7950000
39.687386,-104.97739,824 E Iowa Avenue,1470,https://www.zillow.com/homedetails/824-E-Iowa-Ave-Denver-CO-80210/13369567_zpid/,699000
39.728104,-104.955246,740 Clayton Street,3232,https://www.zillow.com/homedetails/740-Clayton-St-Denver-CO-80206/13328039_zpid/,850000
39.667755,-104.95708,2455 E Yale Avenue,2290,https://www.zillow.com/homedetails/2455-E-Yale-Ave-Denver-CO-80210/13375086_zpid/,600000
39.649822,-104.92852,3719 S Glencoe Street,4104,https://www.zillow.com/homedetails/3719-S-Glencoe-St-Denver-CO-80237/13425761_zpid/,1495000
39.739525,-104.88784,1444 Willow Street,1100,https://www.zillow.com/homedetails/1444-Willow-St-Denver-CO-80220/13388591_zpid/,425000
39.694626,-104.89334,1300 S Parker Road  Unit 301,625,https://www.zillow.com/homedetails/1300-S-Parker-Rd-APT-301-Denver-CO-80231/13045137_zpid/,50000
39.67959,-104.96966,2036 S Humboldt Street,2355,https://www.zillow.com/homedetails/2036-S-Humboldt-St-Denver-CO-80210/13375923_zpid/,1059000
